n_estimators,max_depth,learning_rate,subsample,colsample_bytree,auc_score,train_time_sec
600,6,0.05,0.8,0.8,0.8979300517130417,10786.000853300095
300,6,0.05,0.8,0.8,0.8954865711243208,5255.695866346359
600,4,0.05,0.8,0.8,0.8945796739002451,8006.1360585689545
600,6,0.01,0.8,0.8,0.8945454772405265,10551.468297481537
300,4,0.05,0.8,0.8,0.8927859292134346,3943.4540445804596
600,4,0.01,0.8,0.8,0.8880206293993778,8168.218565702438
300,6,0.01,0.8,0.8,0.8850793513844104,5485.127600908279
300,4,0.01,0.8,0.8,0.8755431350690166,4067.572322845459
